m,/z,Name,Notation,Formula,KEGG,HMDB,Class,Sub_class,Direct_parent,SMILES,mSigma,mzDev
227.037,/z ± 0.0015 Da,2H-Benzo[F]isoindole-1-carbonitrile,[M+Cl]-,C13H8N2,,HMDB0245761,Naphthalenes,,Naphthalenes,N#CC1=C2C=C3C=CC=CC3=CC2=CN1,6.07320632,-0.001118624
191.0602,/z ± 0.0012 Da,2H-Benzo[F]isoindole-1-carbonitrile,[M-H]-,C13H8N2,,HMDB0245761,Naphthalenes,,Naphthalenes,N#CC1=C2C=C3C=CC=CC3=CC2=CN1,6.07320632,-0.001118624
152.0013,/z ± 0.001 Da,3-Sulfinoalanine,[M-H]-,C3H7NO4S,C00606,HMDB0000996,Carboxylic acids and derivatives,"Amino acids, peptides, and analogues",L-alpha-amino acids,N[C@@H](CS(O)=O)C(O)=O,,-0.000816797
187.9771,/z ± 0.0012 Da,3-Sulfinoalanine,[M+Cl]-,C3H7NO4S,C00606,HMDB0000996,Carboxylic acids and derivatives,"Amino acids, peptides, and analogues",L-alpha-amino acids,N[C@@H](CS(O)=O)C(O)=O,,-0.000816797
149.9857,/z ± 0.001 Da,,[M-H]-,,,,,,,,,
185.9618,/z ± 0.0012 Da,,[M+Cl]-,,,,,,,,,
405.2734,/z ± 0.0026 Da,,[M-H]-,,,,,,,,,
441.2502,/z ± 0.0029 Da,,[M+Cl]-,,,,,,,,,
169.0073,/z ± 0.0011 Da,,[M-H]-,,,,,,,,,
204.98,/z ± 0.0013 Da,,[M+Cl]-,,,,,,,,,
193.0758,/z ± 0.0013 Da,9-Aminoacridine,[M-H]-,C13H10N2,,HMDB0247578,Quinolines and derivatives,Benzoquinolines,Acridines,NC1=C2C=CC=CC2=NC2=C1C=CC=C2,26.6846984,-0.00110388
888.6177,/z ± 0.0058 Da,ST(d42:2),[M-H]-,C48H91NO11S,,,,,,,88.9390727,-0.006403924
283.2624,/z ± 0.0018 Da,Stearic acid,[M-H]-,C18H36O2,C01530,HMDB0000827,Fatty Acyls,Fatty acids and conjugates,Long-chain fatty acids,CCCCCCCCCCCCCCCCCC(=O)O,5.73436427,-0.00164116
885.5434,/z ± 0.0057 Da,PI(38:4),[M-H]-,C47H83O13P,,,,,,,21.8313353,-0.007785293
281.2468,/z ± 0.0018 Da,Petroselinic acid,[M-H]-,C18H34O2,C08363,HMDB0002080,Fatty Acyls,Fatty acids and conjugates,Long-chain fatty acids,CCCCCCCCCCCC=CCCCCC(=O)O,13.4605032,-0.002550986
849.5712,/z ± 0.0055 Da,,[M-H]-,,,,,,,,,
747.492,/z ± 0.0048 Da,PA(40:6),[M-H]-,C43H73O8P,,,,,,,4.40865764,-0.006158828
303.231,/z ± 0.002 Da,Arachidonic acid,[M-H]-,C20H32O2,C00219,HMDB0001043,Fatty Acyls,Fatty acids and conjugates,Long-chain fatty acids,CCCCC/C=C\\C/C=C\\C/C=C\\C/C=C\\CCCC(=O)O,14.4644168,-0.002784883
906.6271,/z ± 0.0059 Da,ST(t42:1),[M-H]-,C48H93NO12S,,,,,,,43.9824178,-0.007790685
255.2315,/z ± 0.0017 Da,Palmitic acid,[M-H]-,C16H32O2,C00249,HMDB0000220,Fatty Acyls,Fatty acids and conjugates,Long-chain fatty acids,CCCCCCCCCCCCCCCC(=O)O,10.8731023,-0.002296981
878.5972,/z ± 0.0057 Da,ST(d40:1+O),[M-H]-,C46H89NO12S,,,,,,,23.3670301,-0.006152961
419.2538,/z ± 0.0027 Da,,[M-H]-,,,,,,,,,
241.0103,/z ± 0.0016 Da,Inositol cyclic phosphate,[M-H]-,C6H11O8P,C04299,HMDB0001125,Organic phosphoric acids and derivatives,,Organic phosphoric acids and derivatives,O[C@H]1[C@H]2OP(O)(=O)O[C@H]2[C@H](O)[C@@H](O)[C@@H]1O,7.84995927,-0.001975112
346.0535,/z ± 0.0022 Da,Adenosine monophosphate (AMP),[M-H]-,C10H14N5O7P,C00020,HMDB0000045,Purine nucleotides,Purine ribonucleotides,Purine ribonucleoside monophosphates,C1=NC(=C2C(=N1)N(C=N2)[C@H]3[C@@H]([C@@H]([C@H](O3)COP(=O)(O)O)O)O)N,12.9336174,-0.003139632
327.2307,/z ± 0.0021 Da,"4Z,7Z,10Z,13Z,16Z,19Z-Docosahexaenoic Acid (DHA)",[M-H]-,C22H32O2,C06429,HMDB0002183,Fatty Acyls,Fatty acids and conjugates,Very long-chain fatty acids,CC/C=C\\C/C=C\\C/C=C\\C/C=C\\C/C=C\\C/C=C\\CCC(=O)O,11.340074,-0.003108468
152.9948,/z ± 0.001 Da,,[M-H]-,,,,,,,,,
834.5234,/z ± 0.0054 Da,PS(40:6),[M-H]-,C46H78NO10P,,,,,,,11.4093062,-0.006956906
862.6017,/z ± 0.0056 Da,ST(d40:1),[M-H]-,C46H89NO11S,,,,,,,30.4545523,-0.006016696
403.259,/z ± 0.0026 Da,Eliglustat,[M-H]-,C23H36N2O4,,HMDB0251746,Benzodioxanes,"Benzo-1,4-dioxanes","Benzo-1,4-dioxanes",CCCCCCCC(=O)NC(CN1CCCC1)C(O)C1=CC2=C(OCCO2)C=C1,40.351175,-0.001781462
434.2341,/z ± 0.0028 Da,Paxilline,[M-H]-,C27H33NO4,C13782,HMDB0030323,Naphthopyrans,,Naphthopyrans,[H][C@]12CC3=C(NC4=CC=CC=C34)[C@]1(C)[C@@]1(C)CC[C@]3([H])O[C@@H](C(=O)C=C3[C@]1(O)CC2)C(C)(C)O,16.8613893,0.000736809
124.0068,/z ± 0.0008 Da,Taurine,[M-H]-,C2H7NO3S,C00245,HMDB0000251,Organic sulfonic acids and derivatives,Organosulfonic acids and derivatives,Organosulfonic acids,C(CS(=O)(=O)O)N,10.0543546,-0.001146547
806.5403,/z ± 0.0052 Da,ST(d36:1),[M-H]-,C42H81NO11S,,,,,,,18.3346918,-0.004879158
331.262,/z ± 0.0021 Da,"7Z,10Z,13Z,16Z-Docosatetraenoic acid",[M-H]-,C22H36O2,C16527,HMDB0002226,Fatty Acyls,Fatty acids and conjugates,Very long-chain fatty acids,CCCCC/C=C\\C/C=C\\C/C=C\\C/C=C\\CCCCCC(=O)O,12.9252721,-0.002960569
857.5122,/z ± 0.0056 Da,PI(36:4),[M-H]-,C45H79O13P,,,,,,,37.3802262,-0.007367696
347.0376,/z ± 0.0022 Da,Glucose-6-phosphate lactate,[M-H]-,C9H17O12P,,HMDB0252789,Organooxygen compounds,Carbohydrates and carbohydrate conjugates,Hexose phosphates,CC(O)C(=O)OC1(O)OC(COP(O)(O)=O)C(O)C(O)C1O,18.2192454,-0.000551019
193.0928,/z ± 0.0013 Da,1-Octanesulfonic acid,[M-H]-,C8H18O3S,,HMDB0243978,Organic sulfonic acids and derivatives,Organosulfonic acids and derivatives,Organosulfonic acids,CCCCCCCCS(O)(=O)=O,61.2563334,0.001740377
892.6159,/z ± 0.0058 Da,ST(d41:1+O),[M-H]-,C47H91NO12S,,,,,,,76.3910539,-0.001306654
606.0707,/z ± 0.0039 Da,Uridine diphosphate-N-acetylgalactosamine,[M-H]-,C17H27N3O17P2,C00203,HMDB0000304,Pyrimidine nucleotides,Pyrimidine nucleotide sugars,Pyrimidine nucleotide sugars,CC(=O)NC1C(O)C(O)C(CO)OC1OP(O)(=O)OP(O)(=O)OCC1OC(C(O)C1O)N1C=CC(=O)NC1=O,19.4849002,-0.004672212
701.5074,/z ± 0.0045 Da,PA(36:1),[M-H]-,C39H75O8P,,,,,,,29.7182834,-0.004124751
437.2642,/z ± 0.0028 Da,PA(18:0e),[M-H]-,C21H43O7P,,,,,,,34.7467103,-0.004092824
242.0326,/z ± 0.0016 Da,,[M-H]-,,,,,,,,,
158.9243,/z ± 0.001 Da,,[M-H]-,,,,,,,,,
340.95,/z ± 0.0022 Da,,[M-H]-,,,,,,,,,
255.0315,/z ± 0.0017 Da,PURPURIN,[M-H]-,C14H8O5,,,,,,,13.3965606,0.001776056
388.25,/z ± 0.0025 Da,Oleoyltaurine,[M-H]-,C20H39NO4S,,HMDB0242113,Fatty Acyls,Fatty amides,N-acyl amines,[H]\C(CCCCCCCC)=C(/[H])CCCCCCCC(O)=NCCS(O)(=O)=O,20.5806659,-0.002254903
402.9922,/z ± 0.0026 Da,Uridine 5'-diphosphate,[M-H]-,C9H14N2O12P2,C00015,HMDB0000295,Pyrimidine nucleotides,Pyrimidine ribonucleotides,Pyrimidine ribonucleoside diphosphates,O[C@H]1[C@@H](O)[C@@H](O[C@@H]1COP(O)(=O)OP(O)(O)=O)N1C=CC(=O)NC1=O,14.5187589,-0.003426998
802.5334,/z ± 0.0052 Da,PC(38:7),[M-H]-,C46H78NO8P,,,,,,,21.603481,-0.007224529
426.0193,/z ± 0.0028 Da,"Adenosine 3',5'-diphosphate",[M-H]-,C10H15N5O10P2,C00054,HMDB0000061,Purine nucleotides,Purine ribonucleotides,"Purine ribonucleoside 3',5'-bisphosphates",NC1=NC=NC2=C1N=CN2[C@@H]1O[C@H](COP(O)(O)=O)[C@@H](OP(O)(O)=O)[C@H]1O,13.3261004,-0.002873637
565.0445,/z ± 0.0037 Da,Uridine diphosphategalactose,[M-H]-,C15H24N2O17P2,C00052,HMDB0000302,Pyrimidine nucleotides,Pyrimidine nucleotide sugars,Pyrimidine nucleotide sugars,OC[C@H]1O[C@H](O[P@@](O)(=O)O[P@@](O)(=O)OC[C@H]2O[C@H]([C@H](O)[C@@H]2O)N2C=CC(=O)NC2=O)[C@H](O)[C@@H](O)[C@H]1O,19.9585744,-0.002618579
259.0207,/z ± 0.0017 Da,Glucose 6-phosphate (G6P),[M-H]-,C6H13O9P,C00092,HMDB0001401,Organooxygen compounds,Carbohydrates and carbohydrate conjugates,Hexose phosphates,C([C@H]([C@H]([C@@H]([C@H](C=O)O)O)O)O)OP(=O)(O)O,26.8118137,-0.002253542
390.2656,/z ± 0.0025 Da,N-Stearoyltaurine,[M-H]-,C20H41NO4S,,,,,,,22.0845456,-0.002230377
362.2346,/z ± 0.0023 Da,N-Palmitoyltaurine,[M-H]-,C18H37NO4S,,,,,,,15.852807,-0.002184092
410.2343,/z ± 0.0027 Da,Etorphine,[M-H]-,C25H33NO4,,HMDB0242562,Morphinans,,Morphinans,CCCC(C)(O)C1CC23C=CC1(OC)C1OC4=C(O)C=CC5=C4C21CCN(C)C3C5,28.2133051,0.000789375
417.2382,/z ± 0.0027 Da,,[M-H]-,,,,,,,,,
194.0606,/z ± 0.0013 Da,Fluparoxan,[M-H]-,C10H10FNO2,,HMDB0252395,Organooxygen compounds,Ethers,Alkyl aryl ethers,FC1=CC=CC2=C1OC1CNCC1O2,9.18561634,-0.001587366
408.009,/z ± 0.0026 Da,,[M-H]-,,,,,,,,,
821.5397,/z ± 0.0053 Da,,[M-H]-,,,,,,,,,
401.2433,/z ± 0.0026 Da,Merodesmosine,[M-H]-,C18H34N4O6,,HMDB0030407,Carboxylic acids and derivatives,"Amino acids, peptides, and analogues",Alpha amino acids,NC(CCCCNC\C(CCC(N)C(O)=O)=C\CCCC(N)C(O)=O)C(O)=O,20.2151755,0.003233443
375.2279,/z ± 0.0024 Da,,[M-H]-,,,,,,,,,
211.0001,/z ± 0.0014 Da,"3,5-Dinitrobenzoic acid",[M-H]-,C7H4N2O6,,HMDB0246067,Benzene and substituted derivatives,Benzoic acids and derivatives,Nitrobenzoic acids and derivatives,OC(=O)C1=CC(=CC(=C1)N(=O)=O)N(=O)=O,37.3092084,0.000628493
324.9761,/z ± 0.0021 Da,,[M-H]-,,,,,,,,,
822.536,/z ± 0.0053 Da,PS(39:5),[M-H]-,C45H78NO10P,,,,,,,20.0017305,0.007559604
384.9821,/z ± 0.0025 Da,,[M-H]-,,,,,,,,,
136.0066,/z ± 0.0009 Da,,[M-H]-,,,,,,,,,
465.3015,/z ± 0.003 Da,LPA(20:0),[M-H]-,C23H47O7P,,,,,,,18.6754769,0.003182708
323.0266,/z ± 0.0021 Da,Uridine 5'-monophosphate,[M-H]-,C9H13N2O9P,C00105,HMDB0000288,Pyrimidine nucleotides,Pyrimidine ribonucleotides,Pyrimidine ribonucleoside monophosphates,O[C@H]1[C@@H](O)[C@@H](O[C@@H]1COP(O)(O)=O)N1C=CC(=O)NC1=O,16.7583206,-0.002826921
673.4772,/z ± 0.0044 Da,PA(34:1),[M-H]-,C37H71O8P,,,,,,,28.9219317,-0.005661338
309.2779,/z ± 0.002 Da,11Z-Eicosenoic Acid,[M-H]-,C20H38O2,C16526,HMDB0002231,Fatty Acyls,Fatty acids and conjugates,Long-chain fatty acids,CCCCCCCC/C=C\CCCCCCCCCC(=O)O,14.7824752,-0.002238584
778.5334,/z ± 0.005 Da,Hex2Cer(d28:0),[M-H]-,C40H77NO13,,,,,,,9.86676253,0.000216432
300.0378,/z ± 0.0019 Da,N-Acetylgalactosamine 4-sulphate,[M-H]-,C8H15NO9S,C16265,HMDB0000781,Organooxygen compounds,Carbohydrates and carbohydrate conjugates,Acylaminosugars,CC(=O)N[C@H]1[C@H](O)O[C@H](CO)[C@H](OS(O)(=O)=O)[C@@H]1O,11.1055203,-0.001884032
279.2313,/z ± 0.0018 Da,Linoelaidic acid,[M-H]-,C18H32O2,,HMDB0006270,Fatty Acyls,Lineolic acids and derivatives,Lineolic acids and derivatives,CCCCC/C=C/C/C=C/CCCCCCCC(=O)O,16.2396356,-0.002477474
723.4918,/z ± 0.0047 Da,PA(38:4),[M-H]-,C41H73O8P,,,,,,,19.1483288,-0.006174654
253.2158,/z ± 0.0016 Da,Palmitelaidic acid,[M-H]-,C16H30O2,,HMDB0012328,Fatty Acyls,Fatty acids and conjugates,Long-chain fatty acids,CCCCCC/C=C/CCCCCCCC(=O)O,13.5748689,-0.002133929
175.0231,/z ± 0.0011 Da,Glucuronolactone,[M-H]-,C6H8O6,C02670,HMDB0006355,Furofurans,Isosorbides,Isosorbides,O[C@@H]1O[C@@H]2[C@@H](O)C(=O)O[C@@H]2[C@H]1O,,-0.001478172
581.306,/z ± 0.0038 Da,LPI(18:2e),[M-H]-,C27H51O11P,,,,,,,41.0889571,-0.004768639
362.0483,/z ± 0.0023 Da,Guanosine monophosphate (GMP),[M-H]-,C10H14N5O8P,C00144,HMDB0001397,Purine nucleotides,Purine ribonucleotides,Purine ribonucleoside monophosphates,C1=NC2=C(N1[C@H]3[C@@H]([C@@H]([C@H](O3)COP(=O)(O)O)O)O)N=C(NC2=O)N,33.3120058,-0.001872696
786.5374,/z ± 0.0051 Da,PS(36:2),[M-H]-,C42H78NO10P,,,,,,,53.8530566,0.006742631
272.9555,/z ± 0.0018 Da,,[M-H]-,,,,,,,,,
850.5663,/z ± 0.0055 Da,ST(d38:1+O),[M-H]-,C44H85NO12S,,,,,,,18.8498484,-0.005474028
385.1429,/z ± 0.0025 Da,Mesoridazine,[M-H]-,C21H26N2OS2,C07143,HMDB0015068,Benzothiazines,Phenothiazines,Phenothiazines,CN1CCCCC1CCN1C2=CC=CC=C2SC2=C1C=C(C=C2)S(C)=O,52.4426643,0.001838345
391.2227,/z ± 0.0025 Da,,[M-H]-,,,,,,,,,
699.4926,/z ± 0.0045 Da,PA(36:2),[M-H]-,C39H73O8P,,,,,,,72.3053914,-0.005698768
611.1408,/z ± 0.004 Da,Oxidized glutathione,[M-H]-,C20H32N6O12S2,C00127,HMDB0003337,Carboxylic acids and derivatives,"Amino acids, peptides, and analogues",Peptides,C(CC(=O)N[C@@H](CSSC[C@@H](C(=O)NCC(=O)O)NC(=O)CC[C@@H](C(=O)O)N)C(=O)NCC(=O)O)[C@@H](C(=O)O)N,67.9902074,-0.005048425
751.5224,/z ± 0.0049 Da,PA(40:4),[M-H]-,C43H77O8P,,,,,,,40.3411347,-0.006678056
273.0326,/z ± 0.0018 Da,,[M-H]-,,,,,,,,,
182.0117,/z ± 0.0012 Da,L-Homocysteic acid,[M-H]-,C4H9NO5S,C16511,HMDB0002205,Carboxylic acids and derivatives,"Amino acids, peptides, and analogues",L-alpha-amino acids,N[C@@H](CCS(O)(=O)=O)C(O)=O,32.4476411,-0.001767562
599.3165,/z ± 0.0039 Da,PI(18:0e),[M-H]-,C27H53O12P,,,,,,,58.3216539,-0.004600472
774.5034,/z ± 0.005 Da,,[M-H]-,,,,,,,,,
267.2677,/z ± 0.0017 Da,Stearaldehyde,[M-H]-,C18H36O,C01838,HMDB0002384,Fatty Acyls,Fatty aldehydes,Fatty aldehydes,CCCCCCCCCCCCCCCCCC=O,76.3411183,-0.002143905
174.0396,/z ± 0.0011 Da,2-Methylquinoline,[M-H]-,C10H9NS,,HMDB0302391,Quinolines and derivatives,Hydroquinolines,Hydroquinolines,CC1=CC(=S)C2=CC=CC=C2N1,,0.000720441
259.2417,/z ± 0.0017 Da,5alpha-Androstane,[M-H]-,C19H32,,HMDB0247011,Steroids and steroid derivatives,Androstane steroids,Androstane steroids,CC12CCCC1C1CCC3CCCCC3(C)C1CC2,56.1103432,-0.00220722
445.0502,/z ± 0.0029 Da,CDP-Ethanolamine,[M-H]-,C11H20N4O11P2,C00570,HMDB0001564,Pyrimidine nucleotides,Pyrimidine ribonucleotides,CDP-ethanolamines,NCCOP(O)(=O)OP(O)(=O)OC[C@H]1O[C@H]([C@H](O)[C@@H]1O)N1C=CC(N)=NC1=O,56.9420694,-0.002838983
305.2461,/z ± 0.002 Da,Dihomo-gamma-linolenic acid,[M-H]-,C20H34O2,C03242,HMDB0002925,Fatty Acyls,Fatty acids and conjugates,Long-chain fatty acids,CCCCC/C=C\C/C=C\C/C=C\CCCCCCC(=O)O,36.0777879,-0.001648755
766.5339,/z ± 0.005 Da,PE(38:4),[M-H]-,C43H78NO8P,,,,,,,30.762587,-0.006902679
790.5338,/z ± 0.0051 Da,PE(40:6),[M-H]-,C45H78NO8P,,,,,,,49.1444524,-0.007372932
540.2815,/z ± 0.0035 Da,Psychosine sulfate,[M-H]-,C24H47NO10S,C02744,HMDB0013046,Sphingolipids,Glycosphingolipids,Glycosphingolipids,CCCCCCCCCCCCC\C=C\[C@@H](O)[C@@H](N)CO[C@H]1O[C@@H](COS(O)(=O)=O)C(O)[C@@H](O)[C@@H]1O,47.9430529,-0.003420843
176.9348,/z ± 0.0011 Da,Pyrophosphate,[M-H]-,H4O7P2,C00013,HMDB0000250,Non-metal oxoanionic compounds,Non-metal pyrophosphates,Non-metal pyrophosphates,OP(O)(=O)OP(O)(O)=O,,-0.001336995
758.5081,/z ± 0.0049 Da,,[M-H]-,,,,,,,,,
328.0431,/z ± 0.0021 Da,Nitisinone,[M-H]-,C14H10F3NO5,,HMDB0014492,Organooxygen compounds,Carbonyl compounds,"Benzoylcyclohexane-1,3-diones",[O-][N+](=O)C1=C(C=CC(=C1)C(F)(F)F)C(=O)C1C(=O)CCCC1=O,69.8135063,-0.000535671
220.0271,/z ± 0.0014 Da,,[M-H]-,,,,,,,,,
223,/z ± 0.0014 Da,3-Amino-5-(3-thiophenyl)-2-thiophenecarboxamide,[M-H]-,C9H8N2OS2,,HMDB0257535,Bi- and oligothiophenes,,Bi- and oligothiophenes,NC(=O)C1=C(N)C=C(S1)C1=CSC=C1,,-0.001010727
601.2744,/z ± 0.0039 Da,,[M-H]-,,,,,,,,,
492.3062,/z ± 0.0032 Da,PE(19:1e),[M-H]-,C24H48NO7P,,,,,,,70.4658011,-0.004253993
788.54,/z ± 0.0051 Da,PS(36:1),[M-H]-,C42H80NO10P,,,,,,,22.8156151,-0.003632912
463.2224,/z ± 0.003 Da,Linalool oxide D 3-[apiosyl-(1->6)-glucoside],[M-H]-,C21H36O11,,HMDB0031367,Organooxygen compounds,Carbohydrates and carbohydrate conjugates,O-glycosyl compounds,CC1(C)OC(C)(CCC1OC1OC(COC2OCC(O)(CO)C2O)C(O)C(O)C1O)C=C,48.3359977,0.002923296
540.0506,/z ± 0.0035 Da,Cyclic ADP-ribose,[M-H]-,C15H21N5O13P2,,HMDB0249529,Organooxygen compounds,Carbohydrates and carbohydrate conjugates,Pentose phosphates,OC1C2COP(O)(=O)OP(O)(=O)OCC3OC(C(O)C3O)N3C=NC4=C(N=CN4C(O2)C1O)C3=N,23.9782262,-0.003072854
474.2959,/z ± 0.0031 Da,Netilmicin,[M-H]-,C21H41N5O7,C07657,HMDB0015090,Organooxygen compounds,Carbohydrates and carbohydrate conjugates,Aminocyclitol glycosides,CCN[C@@H]1C[C@H](N)[C@@H](O[C@H]2OC(CN)=CC[C@H]2N)[C@H](O)[C@H]1O[C@H]1OC[C@H](O)[C@@H](NC)[C@@]1(C)O,94.8216145,0.00131147
762.5381,/z ± 0.0049 Da,PC(36:6e),[M-H]-,C44H78NO7P,,,,,,,16.9556277,-0.007324622
834.5703,/z ± 0.0054 Da,ST(d38:1),[M-H]-,C44H85NO11S,,,,,,,35.4488233,-0.006423671
774.5381,/z ± 0.005 Da,PE(40:7e),[M-H]-,C45H78NO7P,,,,,,,55.842476,-0.006633957
164.0373,/z ± 0.0011 Da,Methionine sulfoxide,[M-H]-,C5H11NO3S,C02989,HMDB0002005,Carboxylic acids and derivatives,"Amino acids, peptides, and analogues",L-alpha-amino acids,CS(=O)CC[C@H](N)C(O)=O,35.5287399,-0.00123688
863.5605,/z ± 0.0056 Da,,[M-H]-,,,,,,,,,
744.5497,/z ± 0.0048 Da,,[M-H]-,,,,,,,,,
568.2757,/z ± 0.0037 Da,Leuphasyl,[M-H]-,C29H39N5O7,,HMDB0247171,Carboxylic acids and derivatives,"Amino acids, peptides, and analogues",Oligopeptides,CC(C)CC(NC(=O)C(CC1=CC=CC=C1)NC(=O)CNC(=O)C(C)NC(=O)C(N)CC1=CC=C(O)C=C1)C(O)=O,64.8609785,-0.001874404
421.2671,/z ± 0.0027 Da,,[M-H]-,,,,,,,,,
721.4763,/z ± 0.0047 Da,PA(38:5),[M-H]-,C41H71O8P,,,,,,,53.5072838,-0.006464851
909.5429,/z ± 0.0059 Da,PI(40:6),[M-H]-,C49H83O13P,,,,,,,71.3044177,-0.007371721
193.481,/z ± 0.0013 Da,,[M-H]-,,,,,,,,,
193.1938,/z ± 0.0013 Da,,[M-H]-,,,,,,,,,
320.9763,/z ± 0.0021 Da,,[M-H]-,,,,,,,,,
259.0124,/z ± 0.0017 Da,,[M-H]-,,,,,,,,,
648.3747,/z ± 0.0042 Da,,[M-H]-,,,,,,,,,
166.0168,/z ± 0.0011 Da,N-Acetyltaurine,[M-H]-,C4H9NO4S,,HMDB0240253,Organic sulfonic acids and derivatives,Organosulfonic acids and derivatives,Organosulfonic acids,CC(=O)NCCS(O)(=O)=O,,-0.000829455
719.4608,/z ± 0.0047 Da,PA(38:6),[M-H]-,C41H69O8P,,,,,,,96.3566791,-0.006377424
290.0864,/z ± 0.0019 Da,"2-Deoxy-2,3-dehydro-n-acetyl-neuraminic acid",[M-H]-,C11H17NO8,,HMDB0245680,Carboxylic acids and derivatives,Carboxylic acid derivatives,Acetamides,CC(=O)NC1C(O)C=C(OC1C(O)C(O)CO)C(O)=O,51.2571318,-0.001692916
476.311,/z ± 0.0031 Da,LPC(16:2e),[M-H]-,C24H48NO6P,,,,,,,62.4594675,-0.004153537
272.0872,/z ± 0.0018 Da,,[M-H]-,,,,,,,,,
776.5169,/z ± 0.005 Da,,[M-H]-,,,,,,,,,
260.8596,/z ± 0.0017 Da,,[M-H]-,,,,,,,,,
192.9893,/z ± 0.0012 Da,,[M-H]-,,,,,,,,,
874.6019,/z ± 0.0057 Da,ST(d41:2),[M-H]-,C47H89NO11S,,,,,,,87.610249,-0.006521553
338.9869,/z ± 0.0022 Da,"Fructose 1,6-bisphosphate (F1,6BP)",[M-H]-,C6H14O12P2,C05378,HMDB0001058,Organooxygen compounds,Carbohydrates and carbohydrate conjugates,Hexose phosphates,C([C@@H]1[C@H]([C@@H]([C@](O1)(COP(=O)(O)O)O)O)O)OP(=O)(O)O,49.7146438,-0.001372557
306.0748,/z ± 0.002 Da,Glutathione Reduced,[M-H]-,C10H17N3O6S,C00051,HMDB0000125,Carboxylic acids and derivatives,"Amino acids, peptides, and analogues",Peptides,N[C@@H](CCC(=O)N[C@@H](CS)C(=O)NCC(O)=O)C(O)=O,75.5037746,-0.002571218
883.5786,/z ± 0.0057 Da,,[M-H]-,,,,,,,,,
448.0006,/z ± 0.0029 Da,,[M-H]-,,,,,,,,,
745.4767,/z ± 0.0048 Da,,[M-H]-,,,,,,,,,
760.5205,/z ± 0.0049 Da,,[M-H]-,,,,,,,,,
386.0311,/z ± 0.0025 Da,2-Amino-5-[[1-[carboxymethyl(sulfo)amino]-1-oxo-3-sulfanylpropan-2-yl]amino]-5-oxopentanoic acid,[M-H]-,C10H17N3O9S2,,HMDB0257661,Carboxylic acids and derivatives,"Amino acids, peptides, and analogues",Oligopeptides,NC(CCC(=O)NC(CS)C(=O)N(CC(O)=O)S(O)(=O)=O)C(O)=O,60.264031,-0.002398407
784.5229,/z ± 0.0051 Da,,[M-H]-,,,,,,,,,
904.6127,/z ± 0.0059 Da,Hex2Cer(m39:6),[M-H]-,C51H87NO12,,,,,,,93.143031,-0.002795462
603.1621,/z ± 0.0039 Da,,[M-H]-,,,,,,,,,
738.5391,/z ± 0.0048 Da,PC(34:4e),[M-H]-,C42H78NO7P,,,,,,,98.0843261,-0.004733078
239.2366,/z ± 0.0015 Da,Palmitaldehyde,[M-H]-,C16H32O,C00517,HMDB0001551,Fatty Acyls,Fatty aldehydes,Fatty aldehydes,CCCCCCCCCCCCCCCC=O,83.6350876,-0.001136682
238.8902,/z ± 0.0015 Da,Trimetaphosphoric acid,[M-H]-,H3O9P3,C02466,HMDB0059921,Non-metal oxoanionic compounds,Non-metal phosphates,Non-metal phosphates,OP1(=O)OP(O)(=O)OP(O)(=O)O1,,-0.001315788
435.245,/z ± 0.0028 Da,,[M-H]-,,,,,,,,,
902.5973,/z ± 0.0058 Da,,[M-H]-,,,,,,,,,
876.617,/z ± 0.0057 Da,,[M-H]-,,,,,,,,,
670.5136,/z ± 0.0043 Da,CerP(d38:2),[M-H]-,C38H74NO6P,,,,,,,92.4611904,-0.005547302
860.5862,/z ± 0.0056 Da,ST(d40:2),[M-H]-,C46H87NO11S,,,,,,,96.9007074,-0.006296062
818.5287,/z ± 0.0053 Da,,[M-H]-,,,,,,,,,
315.0466,/z ± 0.002 Da,,[M-H]-,,,,,,,,,
916.6485,/z ± 0.0059 Da,,[M-H]-,,,,,,,,,
650.3897,/z ± 0.0042 Da,,[M-H]-,,,,,,,,,
800.518,/z ± 0.0052 Da,,[M-H]-,,,,,,,,,
810.5211,/z ± 0.0052 Da,PS(38:4),[M-H]-,C44H78NO10P,,,,,,,53.3078276,-0.007520903
208.0274,/z ± 0.0013 Da,,[M-H]-,,,,,,,,,
438.2665,/z ± 0.0028 Da,LPC(12:0),[M-H]-,C20H42NO7P,,,,,,,29.5110981,0.003984191
795.5246,/z ± 0.0052 Da,PG(38:5),[M-H]-,C44H77O10P,,,,,,,92.4919477,0.005348236
256.9959,/z ± 0.0017 Da,,[M-H]-,,,,,,,,,
193.0927,/z ± 0.0013 Da,,[M-H-H2]3-,,,,,,,,,
731.4963,/z ± 0.0047 Da,,[M-H]-,,,,,,,,,
188.0371,/z ± 0.0012 Da,,[M-H]-,,,,,,,,,
377.2431,/z ± 0.0024 Da,,[M-H]-,,,,,,,,,
890.6307,/z ± 0.0058 Da,,[M-H]-,,,,,,,,,
500.0196,/z ± 0.0032 Da,,[M-H]-,,,,,,,,,
788.5199,/z ± 0.0051 Da,,[M-H]-,,,,,,,,,
644.4981,/z ± 0.0042 Da,CerP(d36:1),[M-H]-,C36H72NO6P,,,,,,,96.336715,-0.005486722
265.2522,/z ± 0.0017 Da,9-Octadecenal,[M-H]-,C18H34O,,HMDB0030965,Fatty Acyls,Fatty aldehydes,Fatty aldehydes,CCCCCCCC\C=C\CCCCCCCC=O,,-0.001061647
241.0022,/z ± 0.0016 Da,,[M-H]-,,,,,,,,,
221.0233,/z ± 0.0014 Da,4-Fluoro-2-(trifluoromethyl)phenylacetic acid,[M-H]-,C9H6F4O2,,HMDB0244849,Benzene and substituted derivatives,Trifluoromethylbenzenes,Trifluoromethylbenzenes,OC(=O)CC1=C(C=C(F)C=C1)C(F)(F)F,43.2176997,0.001729545
442.0138,/z ± 0.0029 Da,Guanosine diphosphate,[M-H]-,C10H15N5O11P2,C00035,HMDB0001201,Purine nucleotides,Purine ribonucleotides,Purine ribonucleoside diphosphates,C1=NC2=C(N1[C@H]3[C@@H]([C@@H]([C@H](O3)COP(=O)(O)OP(=O)(O)O)O)O)N=C(NC2=O)N,71.4410644,-0.002960919
740.5543,/z ± 0.0048 Da,,[M-H]-,,,,,,,,,
876.5823,/z ± 0.0057 Da,ST(d40:2+O),[M-H]-,C46H87NO12S,,,,,,,16.7078339,-0.004825431
558.0607,/z ± 0.0036 Da,ADP-ribose,[M-H]-,C15H23N5O14P2,C00301,HMDB0001178,Purine nucleotides,Purine nucleotide sugars,Purine nucleotide sugars,NC1=C2N=CN(C3OC(COP(O)(=O)OP(O)(=O)OCC4OC(O)C(O)C4O)C(O)C3O)C2=NC=N1,98.5656547,-0.004444432
229.1947,/z ± 0.0015 Da,2-Gonen,[M-H]-,C17H26,,HMDB0245136,Steroids and steroid derivatives,,Steroids and steroid derivatives,C1CC2CCC3C(CCC4CC=CCC34)C2C1,99.0091124,-0.002099966
838.5527,/z ± 0.0054 Da,PS(40:4),[M-H]-,C46H82NO10P,,,,,,,88.8040106,-0.007553763
827.4576,/z ± 0.0054 Da,,[M-H]-,,,,,,,,,
835.5262,/z ± 0.0054 Da,PI(34:1),[M-H]-,C43H81O13P,,,,,,,95.7645521,-0.006517004
881.5125,/z ± 0.0057 Da,PI(38:6),[M-H]-,C47H79O13P,,,,,,,75.4318381,-0.008172993
703.02,/z ± 0.0046 Da,,[M-H]-,,,,,,,,,
311.1664,/z ± 0.002 Da,N-Undecylbenzenesulfonic acid,[M-H]-,C17H28O3S,,HMDB0032549,Benzene and substituted derivatives,Benzenesulfonic acids and derivatives,Benzenesulfonic acids and derivatives,CCCCCCCCCCCC1=CC=C(C=C1)S(O)(=O)=O,8.85683719,-0.001609736
484.0457,/z ± 0.0031 Da,,[M-H]-,,,,,,,,,
462.0637,/z ± 0.003 Da,Adenylsuccinic acid,[M-H]-,C14H18N5O11P,C03794,HMDB0000536,Benzene and substituted derivatives,Biphenyls and derivatives,Biphenyls and derivatives,O[C@@H]1[C@@H](COP(O)(O)=O)O[C@H]([C@@H]1O)N1C=NC2=C1N=CN=C2N[C@@H](CC(O)=O)C(O)=O,70.9303069,-0.00245159
150.979,/z ± 0.001 Da,,[M-H]-,,,,,,,,,
354.0588,/z ± 0.0023 Da,,[M-H]-,,,,,,,,,
416.2812,/z ± 0.0027 Da,,[M-H]-,,,,,,,,,
360.9686,/z ± 0.0023 Da,,[M-H]-,,,,,,,,,
778.4727,/z ± 0.005 Da,,[M-H]-,,,,,,,,,
619.1362,/z ± 0.004 Da,,[M-H]-,,,,,,,,,
902.6329,/z ± 0.0058 Da,,[M-H]-,,,,,,,,,
325.1819,/z ± 0.0021 Da,4-Dodecylbenzenesulfonic Acid,[M-H]-,C18H30O3S,,HMDB0059915,Benzene and substituted derivatives,Benzenesulfonic acids and derivatives,Benzenesulfonic acids and derivatives,CCCCCCCCCCCCC1=CC=C(C=C1)S(O)(=O)=O,10.8685913,-0.001712439
166.974,/z ± 0.0011 Da,Phosphoenolpyruvic acid,[M-H]-,C3H5O6P,C00074,HMDB0000263,Organic phosphoric acids and derivatives,Phosphate esters,Phosphate esters,OC(=O)C(=C)OP(O)(O)=O,11.6378907,-0.001313901
439.222,/z ± 0.0028 Da,,[M-H]-,,,,,,,,,
837.5393,/z ± 0.0054 Da,,[M-H]-,,,,,,,,,
920.6423,/z ± 0.006 Da,,[M-H]-,,,,,,,,,
193.1795,/z ± 0.0013 Da,,[M-H]-,,,,,,,,,
762.5039,/z ± 0.0049 Da,,[M-H]-,,,,,,,,,
298.0223,/z ± 0.0019 Da,,[M-H]-,,,,,,,,,
883.5273,/z ± 0.0057 Da,PI(38:5),[M-H]-,C47H81O13P,,,,,,,15.9274439,-0.008427519
329.2451,/z ± 0.0021 Da,,[M-H]-,,,,,,,,,
647.461,/z ± 0.0042 Da,,[M-H]-,,,,,,,,,
192.989,/z ± 0.0012 Da,,[M-H-H2]3-,,,,,,,,,
734.5075,/z ± 0.0048 Da,PC(34:6e),[M-H]-,C42H74NO7P,,,,,,,80.2627624,-0.005984915
756.5496,/z ± 0.0049 Da,,[M-H]-,,,,,,,,,
166.0647,/z ± 0.0011 Da,Carbazole,[M-H]-,C12H9N,C08060,,Indoles and derivatives,Carbazoles,Carbazoles,c1ccc2c(c1)[nH]c1c2cccc1,22.5787707,-0.0009895
754.5336,/z ± 0.0049 Da,,[M-H]-,,,,,,,,,
790.5683,/z ± 0.0051 Da,PS(36:0),[M-H]-,C42H82NO10P,,,,,,,94.759544,0.006767663
339.9854,/z ± 0.0022 Da,,[M-H]-,,,,,,,,,
794.5284,/z ± 0.0051 Da,PS(38:5e),[M-H]-,C44H78NO9P,,,,,,,62.593616,-0.006779039
727.524,/z ± 0.0047 Da,PA(38:2),[M-H]-,C41H77O8P,,,,,,,39.2473751,-0.0035814
888.5606,/z ± 0.0058 Da,,[M-H]-,,,,,,,,,
315.03,/z ± 0.002 Da,,[M-H]-,,,,,,,,,
383.1267,/z ± 0.0025 Da,,[M-H]-,,,,,,,,,
932.6434,/z ± 0.006 Da,,[M-H]-,,,,,,,,,
370.132,/z ± 0.0024 Da,N-Methyl-14-O-demethylepiporphyroxine,[M-H]-,C20H21NO6,,HMDB0030171,Glycerolipids,Triradylcglycerols,Triacylglycerols,COC1=C(O)C=C2C3OC(O)C4=C(C=CC5=C4OCO5)C3N(C)CCC2=C1,49.9958612,0.002764864
918.6284,/z ± 0.0059 Da,,[M-H]-,,,,,,,,,
150.022,/z ± 0.001 Da,,[M-H]-,,,,,,,,,
671.4608,/z ± 0.0043 Da,,[M-H]-,,,,,,,,,
458.3005,/z ± 0.003 Da,,[M-H]-,,,,,,,,,
537.1908,/z ± 0.0035 Da,,[M-H]-,,,,,,,,,
193.1579,/z ± 0.0013 Da,"4-(2,6,6-Trimethyl-1-cyclohexen-1-yl)-2-butanone",[M-H]-,C13H22O,C03527,HMDB0032913,Prenol lipids,Sesquiterpenoids,Sesquiterpenoids,CC(=O)CCC1=C(C)CCCC1(C)C,75.4174761,-0.001657362
193.0932,/z ± 0.0013 Da,,[M-H-H]2-,,,,,,,,,
265.1464,/z ± 0.0017 Da,Sporol,[M-H]-,C15H22O4,C09678,HMDB0037070,Dioxepanes,"1,3-dioxepanes","1,3-dioxepanes",CC12CC3CC1(CO)OC1(CC4(C)CCC21CO4)O3,22.4008217,0.002282144
252.0648,/z ± 0.0016 Da,Furegrelate,[M-H]-,C15H11NO3,,,Benzofurans,,Benzofurans,C1=CC(=CN=C1)CC2=CC3=C(C=C2)OC(=C3)C(=O)O,,-0.002001333
891.6344,/z ± 0.0058 Da,,[M-H]-,,,,,,,,,
198.9165,/z ± 0.0013 Da,,[M-H]-,,,,,,,,,
633.1218,/z ± 0.0041 Da,,[M-H]-,,,,,,,,,
794.467,/z ± 0.0051 Da,,[M-H]-,,,,,,,,,
480.3064,/z ± 0.0031 Da,,[M-H]-,,,,,,,,,
726.5391,/z ± 0.0047 Da,,[M-H]-,,,,,,,,,
339.1973,/z ± 0.0022 Da,Norethindrone acetate,[M-H]-,C22H28O3,,HMDB0255731,Steroids and steroid derivatives,Steroid esters,Steroid esters,CC(=O)OC1(CCC2C3CCC4=CC(=O)CCC4C3CCC12C)C#C,20.7015975,0.001412267
415.2223,/z ± 0.0027 Da,Ramipril,[M-H]-,C23H32N2O5,,HMDB0014324,Carboxylic acids and derivatives,"Amino acids, peptides, and analogues",Dipeptides,[H][C@@]12CCC[C@]1([H])N([C@@H](C2)C(O)=O)C(=O)[C@H](C)N[C@@H](CCC1=CC=CC=C1)C(=O)OCC,31.0095324,-0.002226981
729.5384,/z ± 0.0047 Da,,[M-H]-,,,,,,,,,
886.6011,/z ± 0.0057 Da,,[M-H]-,,,,,,,,,
728.5205,/z ± 0.0047 Da,,[M-H]-,,,,,,,,,
220.0999,/z ± 0.0014 Da,3-Cyclohexyl-1-propylsulfonic acid,[M-H]-,C9H19NO3S,,HMDB0244400,Organonitrogen compounds,Cyclohexylamines,Cyclohexylamines,OS(=O)(=O)CCCNC1CCCCC1,18.9344198,-0.001284033
307.2621,/z ± 0.002 Da,Sclareol,[M-H]-,C20H36O2,C09183,HMDB0036827,Prenol lipids,Diterpenoids,Diterpenoids,CC(O)(CCC1C(C)(O)CCC2C(C)(C)CCCC12C)C=C,69.4262831,-0.002742678
695.4604,/z ± 0.0045 Da,PA(36:4),[M-H]-,C39H69O8P,,,,,,,71.3904043,-0.006005071
857.5602,/z ± 0.0056 Da,,[M-H]-,,,,,,,,,
193.4898,/z ± 0.0013 Da,,[M-H]-,,,,,,,,,
553.2743,/z ± 0.0036 Da,,[M-H]-,,,,,,,,,
697.4753,/z ± 0.0045 Da,PA(36:3),[M-H]-,C39H71O8P,,,,,,,75.7820221,-0.006596901
664.1135,/z ± 0.0043 Da,,[M-H]-,,,,,,,,,
271.002,/z ± 0.0018 Da,,[M-H]-,,,,,,,,,
872.4784,/z ± 0.0057 Da,,[M-H]-,,,,,,,,,
193.194,/z ± 0.0013 Da,,[M-H-H2]3-,,,,,,,,,
398.0734,/z ± 0.0026 Da,,[M-H]-,,,,,,,,,
854.5982,/z ± 0.0055 Da,,[M-H]-,,,,,,,,,
435.0995,/z ± 0.0028 Da,phenylacetohydroximoyl-glutathione,[M-H]-,C18H20N4O7S,,HMDB0304460,Carboxylic acids and derivatives,"Amino acids, peptides, and analogues",Oligopeptides,[N+]C(CCC(=O)NC(CSC(CC1=CC=CC=C1)=NO)C(=O)NCC([O-])=O)C([O-])=O,29.0417152,0.001561463
372.069,/z ± 0.0024 Da,,[M-H]-,,,,,,,,,
724.4955,/z ± 0.0047 Da,,[M-H-H]2-,,,,,,,,,
894.4865,/z ± 0.0058 Da,,[M-H]-,,,,,,,,,
462.2954,/z ± 0.003 Da,,[M-H]-,,,,,,,,,
448.2799,/z ± 0.0029 Da,,[M-H]-,,,,,,,,,
715.5706,/z ± 0.0046 Da,,[M-H]-,,,,,,,,,
619.2843,/z ± 0.004 Da,,[M-H]-,,,,,,,,,
293.1773,/z ± 0.0019 Da,Sodium Tetradecyl Sulfate,[M-H]-,C14H30O4S,,,,,,,6.85535622,-0.001101083
182.0444,/z ± 0.0012 Da,4-Pyridoxic acid,[M-H]-,C8H9NO4,C00847,HMDB0000017,Pyridines and derivatives,Pyridinecarboxylic acids and derivatives,Pyridinecarboxylic acids,CC1=NC=C(CO)C(C(O)=O)=C1O,,-0.001273005
687.0457,/z ± 0.0044 Da,,[M-H]-,,,,,,,,,
724.4961,/z ± 0.0047 Da,PC(32:4),[M-H]-,C40H72NO8P,,,,,,,79.7822994,0.002652705
193.1801,/z ± 0.0013 Da,,[M-H-H2]3-,,,,,,,,,
778.5106,/z ± 0.005 Da,,[M-H]-,,,,,,,,,
297.1514,/z ± 0.0019 Da,5-Hydroxy-7-(4-hydroxyphenyl)-1-phenyl-3-heptanone,[M-H]-,C19H22O3,,HMDB0033711,Diarylheptanoids,Linear diarylheptanoids,Linear diarylheptanoids,OC(CCC1=CC=C(O)C=C1)CC(=O)CCC1=CC=CC=C1,33.0085231,0.001883951
725.504,/z ± 0.0047 Da,,[M-H]-,,,,,,,,,
369.0195,/z ± 0.0024 Da,,[M-H]-,,,,,,,,,
307.097,/z ± 0.002 Da,Warfarin,[M-H]-,C19H16O4,C01541,HMDB0001935,Coumarins and derivatives,Hydroxycoumarins,4-hydroxycoumarins,CC(=O)CC(C1=CC=CC=C1)C1=C(O)C2=C(OC1=O)C=CC=C2,67.5022673,-0.000722335
193.1582,/z ± 0.0013 Da,,[M-H-H]2-,,,,,,,,,
309.1721,/z ± 0.002 Da,Valdiate,[M-H]-,C17H26O5,,HMDB0040980,Prenol lipids,Monoterpenoids,Iridoids and derivatives,CC(C)CC(=O)OC1OC=C(COC(C)=O)C2CCC(C)C12,27.7451719,0.0016924
285.0709,/z ± 0.0018 Da,,[M-H]-,,,,,,,,,
766.5698,/z ± 0.005 Da,,[M-H]-,,,,,,,,,
764.5511,/z ± 0.005 Da,,[M-H]-,,,,,,,,,
302.9946,/z ± 0.002 Da,,[M-H]-,,,,,,,,,
299.052,/z ± 0.0019 Da,,[M-H]-,,,,,,,,,
393.2375,/z ± 0.0025 Da,,[M-H]-,,,,,,,,,
750.5042,/z ± 0.0049 Da,,[M-H]-,,,,,,,,,
376.9426,/z ± 0.0024 Da,,[M-H]-,,,,,,,,,
165.0448,/z ± 0.0011 Da,Noradrenochrome o-semiquinone,[M-H]-,C8H8NO3,,HMDB0013029,Indoles and derivatives,Indolines,Indolines,[O]C1=C(O)C=C2NCC(O)C2=C1,66.8739182,0.00164261
128.0344,/z ± 0.0008 Da,Pyroglutamic acid,[M-H]-,C5H7NO3,C01879,HMDB0000267,Carboxylic acids and derivatives,"Amino acids, peptides, and analogues",Alpha amino acids and derivatives,C1CC(=O)N[C@@H]1C(=O)O,,-0.00076925
268.9215,/z ± 0.0017 Da,,[M-H]-,,,,,,,,,
207.0105,/z ± 0.0013 Da,,[M-H]-,,,,,,,,,
218.0712,/z ± 0.0014 Da,,[M-H]-,,,,,,,,,
325.0632,/z ± 0.0021 Da,,[M-H]-,,,,,,,,,
193.3004,/z ± 0.0013 Da,,[M-H-H2]3-,,,,,,,,,
481.232,/z ± 0.0031 Da,,[M-H]-,,,,,,,,,
184.9842,/z ± 0.0012 Da,2-Phosphoglyceric acid,[M-H]-,C3H7O7P,,HMDB0000362,Organooxygen compounds,Carbohydrates and carbohydrate conjugates,Sugar acids and derivatives,OCC(OP(O)(O)=O)C(O)=O,,-0.001396276
148.9633,/z ± 0.001 Da,,[M-H]-,,,,,,,,,
643.1128,/z ± 0.0042 Da,,[M-H]-,,,,,,,,,
446.3004,/z ± 0.0029 Da,,[M-H]-,,,,,,,,,
311.2929,/z ± 0.002 Da,,[M-H]-,,,,,,,,,
718.5344,/z ± 0.0047 Da,PC(31:0),[M-H]-,C39H78NO8P,,,,,,,95.9821931,-0.004244642
698.5433,/z ± 0.0045 Da,,[M-H]-,,,,,,,,,
353.1977,/z ± 0.0023 Da,,[M-H]-,,,,,,,,,
664.3695,/z ± 0.0043 Da,,[M-H]-,,,,,,,,,
192.9895,/z ± 0.0012 Da,,[M-H-H]2-,,,,,,,,,
193.2699,/z ± 0.0013 Da,,[M-H-H2]3-,,,,,,,,,
331.0012,/z ± 0.0021 Da,Glucocapparin,[M-H]-,C8H14NO9S2,,HMDB0304680,Organooxygen compounds,Carbohydrates and carbohydrate conjugates,Alkylglucosinolates,C\C(S[C@@H]1O[C@@H](CO)[C@@H](O)[C@H](O)[C@H]1O)=N/OS([O-])(=O)=O,55.672006,-0.001583567
728.5535,/z ± 0.0047 Da,,[M-H]-,,,,,,,,,
455.114,/z ± 0.0029 Da,,[M-H]-,,,,,,,,,
409.0126,/z ± 0.0026 Da,,[M-H]-,,,,,,,,,
427.0045,/z ± 0.0028 Da,IDP,[M-H]-,C10H14N4O11P2,C00104,HMDB0003335,Purine nucleotides,Purine ribonucleotides,Purine ribonucleoside diphosphates,O[C@@H]1[C@@H](COP(O)(=O)OP(O)(O)=O)OC([C@@H]1O)N1C=NC2=C1NC=NC2=O,61.5640622,-0.001975958
338.9865,/z ± 0.0022 Da,,[M-H-H2]3-,,,,,,,,,
193.2849,/z ± 0.0013 Da,,[M-H-H2]3-,,,,,,,,,
134.0462,/z ± 0.0009 Da,"(+)-threo-2-Amino-3,4-dihydroxybutanoic acid",[M-H]-,C4H9NO4,,HMDB0029389,Carboxylic acids and derivatives,"Amino acids, peptides, and analogues",Alpha amino acids,NC(C(O)CO)C(O)=O,,0.000179669
183.0109,/z ± 0.0012 Da,2-Styrenesulfonic acid,[M-H]-,C8H8O3S,,HMDB0259627,Benzene and substituted derivatives,Benzenesulfonic acids and derivatives,Benzenesulfonic acids and derivatives,OS(=O)(=O)C1=CC=CC=C1C=C,34.9972728,-0.000864877
239.033,/z ± 0.0015 Da,Dantron,[M-H]-,C14H8O4,C10312,HMDB0029752,Anthracenes,Anthraquinones,Anthraquinones,OC1=CC=CC2=C1C(=O)C1=C(C=CC=C1O)C2=O,,-0.001664512
193.1802,/z ± 0.0013 Da,,[M-H-H]2-,,,,,,,,,
337.3094,/z ± 0.0022 Da,,[M-H]-,,,,,,,,,
230.9955,/z ± 0.0015 Da,4-Hydroxyphenylacetic acid sulfate,[M-H]-,C8H8O6S,,HMDB0304906,Phenols,1-hydroxy-2-unsubstituted benzenoids,1-hydroxy-2-unsubstituted benzenoids,OC1=CC=C(CC(=O)OS(O)(=O)=O)C=C1,31.4559357,-0.001804665
809.508,/z ± 0.0052 Da,,[M-H]-,,,,,,,,,
726.5745,/z ± 0.0047 Da,,[M-H]-,,,,,,,,,
209.0709,/z ± 0.0014 Da,,[M-H]-,,,,,,,,,
863.5631,/z ± 0.0056 Da,,[M-H]-,,,,,,,,,
804.5251,/z ± 0.0052 Da,,[M-H]-,,,,,,,,,
342.9576,/z ± 0.0022 Da,,[M-H]-,,,,,,,,,
337.2034,/z ± 0.0022 Da,Lisuride,[M-H]-,C20H26N4O,,HMDB0014727,Quinolines and derivatives,Indoloquinolines,Indoloquinolines,[H][C@@]12CC3=CNC4=CC=CC(=C34)C1=C[C@@H](CN2C)NC(=O)N(CC)CC,43.2242184,0.000357214
189.0445,/z ± 0.0012 Da,,[M-H]-,,,,,,,,,
535.12,/z ± 0.0035 Da,,[M-H]-,,,,,,,,,
290.9733,/z ± 0.0019 Da,,[M-H]-,,,,,,,,,
193.2546,/z ± 0.0013 Da,,[M-H-H2]3-,,,,,,,,,
168.0268,/z ± 0.0011 Da,Monosodium glutamate,[M-H]-,C5H8NNaO4,,HMDB0303331,Carboxylic acids and derivatives,"Amino acids, peptides, and analogues",Glutamic acid and derivatives,[Na+].NC(CCC(O)=O)C([O-])=O,,-0.000982726
212.0226,/z ± 0.0014 Da,Taurine lactate,[M-H]-,C5H11NO6S,,HMDB0258739,Organic sulfonic acids and derivatives,Organosulfonic acids and derivatives,Organosulfonic acids,CC(O)C(=O)OC(CN)S(O)(=O)=O,,-0.000662085
328.0562,/z ± 0.0021 Da,,[M-H]-,,,,,,,,,
282.1024,/z ± 0.0018 Da,,[M-H]-,,,,,,,,,
524.2756,/z ± 0.0034 Da,,[M-H]-,,,,,,,,,
397.2239,/z ± 0.0026 Da,,[M-H]-,,,,,,,,,
153.0179,/z ± 0.001 Da,"1,1,1-Trifluoro-2,4-pentanedione",[M-H]-,C5H5F3O2,,HMDB0246204,Organooxygen compounds,Carbonyl compounds,Beta-diketones,CC(=O)CC(=O)C(F)(F)F,,0.000987897
146.0449,/z ± 0.0009 Da,N-Methyl-aspartic acid,[M-H]-,C5H9NO4,C12269,HMDB0002393,Carboxylic acids and derivatives,"Amino acids, peptides, and analogues",Aspartic acid and derivatives,CN[C@H](CC(O)=O)C(O)=O,,-0.001026418
497.1641,/z ± 0.0032 Da,Musabalbisiane B,[M-H]-,C23H30O12,,HMDB0038681,Prenol lipids,Diterpenoids,Colensane and clerodane diterpenoids,OC[C@@H]1C[C@@H](O)[C@@]2(C(O)=O)[C@](CO)(CC[C@@H](O)[C@@]2(CC(O)=O)C=O)[C@@]11C[C@H](O[C@H]1O)C1=COC=C1,27.5209742,-0.002109356
193.3002,/z ± 0.0013 Da,,[M-H]-,,,,,,,,,
167.0609,/z ± 0.0011 Da,beta-Carboline,[M-H]-,C11H8N2,C20157,HMDB0012897,Indoles and derivatives,Pyridoindoles,Beta carbolines,N1C2=CC=CC=C2C2=CC=NC=C12,,-0.000539929
310.9515,/z ± 0.002 Da,,[M-H]-,,,,,,,,,
707.4965,/z ± 0.0046 Da,,[M-H]-,,,,,,,,,
214.8905,/z ± 0.0014 Da,,[M-H]-,,,,,,,,,
750.5362,/z ± 0.0049 Da,,[M-H]-,,,,,,,,,
552.2707,/z ± 0.0036 Da,Vignatic acid A,[M-H]-,C30H39N3O7,,HMDB0033599,Carboxylic acids and derivatives,"Amino acids, peptides, and analogues",Cyclic peptides,CC(C)CC(O)C(=O)NC1C(OC2=CC=C(CC(NC(=O)C(CC3=CC=CC=C3)NC1=O)C(O)=O)C=C2)C(C)C,42.186425,-0.000962772
193.2697,/z ± 0.0013 Da,,[M-H]-,,,,,,,,,
193.3985,/z ± 0.0013 Da,,[M-H-H2]3-,,,,,,,,,
281.0437,/z ± 0.0018 Da,Pseudobaptigenin,[M-H]-,C16H10O5,C10522,HMDB0036616,Isoflavonoids,Isoflav-2-enes,Isoflavones,OC1=CC2=C(C=C1)C(=O)C(=CO2)C1=CC2=C(OCO2)C=C1,93.1614853,-0.001936615
700.5584,/z ± 0.0045 Da,,[M-H]-,,,,,,,,,
421.2231,/z ± 0.0027 Da,"Succinic acid, sulfo-, 1,4-dioctyl ester",[M-H]-,C20H38O7S,,HMDB0251779,Fatty Acyls,Fatty acid esters,Fatty acid esters,CCCCCCCCOC(=O)CC(C(=O)OCCCCCCCC)S(O)(=O)=O,25.6975732,-0.003470932
429.9902,/z ± 0.0028 Da,,[M-H]-,,,,,,,,,
193.0062,/z ± 0.0013 Da,,[M-H]-,,,,,,,,,
725.0021,/z ± 0.0047 Da,,[M-H-H]2-,,,,,,,,,
277.1824,/z ± 0.0018 Da,Panaxytriol,[M-H]-,C17H26O3,C16792,HMDB0031928,Fatty Acyls,Fatty alcohols,Long-chain fatty alcohols,CCCCCCCC(O)C(O)CC#CC#CC(O)C=C,40.7462881,0.001807284
771.631,/z ± 0.005 Da,,[M-H]-,,,,,,,,,
794.5623,/z ± 0.0051 Da,,[M-H]-,,,,,,,,,
193.1942,/z ± 0.0013 Da,,[M-H-H]2-,,,,,,,,,
178.0523,/z ± 0.0012 Da,Hippuric acid,[M-H]-,C9H9NO3,C01586,HMDB0000714,Benzene and substituted derivatives,Benzoic acids and derivatives,Hippuric acids,C1=CC=C(C=C1)C(=O)NCC(=O)O,62.6931975,0.001229052
282.0363,/z ± 0.0018 Da,,[M-H]-,,,,,,,,,
226.0347,/z ± 0.0015 Da,,[M-H]-,,,,,,,,,
579.0221,/z ± 0.0038 Da,,[M-H]-,,,,,,,,,
749.5038,/z ± 0.0049 Da,,[M-H]-,,,,,,,,,
291.1983,/z ± 0.0019 Da,"(2'E,4'Z,7'Z,8E)-Colnelenic acid",[M-H]-,C18H28O3,C16320,HMDB0030996,Fatty Acyls,Fatty acids and conjugates,Medium-chain fatty acids,CC\C=C/C\C=C/C=C/O\C=C\CCCCCCC(O)=O,30.9922504,0.001538652
193.4592,/z ± 0.0013 Da,,[M-H-H2]3-,,,,,,,,,
246.9907,/z ± 0.0016 Da,2-[4-hydroxy-3-(sulfooxy)phenyl]acetic acid,[M-H]-,C8H8O7S,,HMDB0125151,Organic sulfuric acids and derivatives,Arylsulfates,Phenylsulfates,OC(=O)CC1=CC(OS(O)(=O)=O)=C(O)C=C1,19.2272159,-0.001235693
143.045,/z ± 0.0009 Da,N-Nitrosoproline,[M-H]-,C5H8N2O3,C19485,HMDB0041946,Carboxylic acids and derivatives,"Amino acids, peptides, and analogues",Proline and derivatives,OC(=O)C1CCCN1N=O,,-0.000872759
198.9041,/z ± 0.0013 Da,,[M-H]-,,,,,,,,,
712.5251,/z ± 0.0046 Da,,[M-H]-,,,,,,,,,
857.4673,/z ± 0.0056 Da,,[M-H]-,,,,,,,,,
267.0078,/z ± 0.0017 Da,,[M-H]-,,,,,,,,,
193.4703,/z ± 0.0013 Da,,[M-H-H2]3-,,,,,,,,,
193.3545,/z ± 0.0013 Da,,[M-H-H2]3-,,,,,,,,,
144.0442,/z ± 0.0009 Da,2-aceto-2-hydroxy-butanoate,[M-H]-,C6H9O4,,HMDB0304056,Keto acids and derivatives,Short-chain keto acids and derivatives,Short-chain keto acids and derivatives,CCC(O)(C(C)=O)C([O-])=O,20.7144963,0.001392077
233.0256,/z ± 0.0015 Da,,[M-H]-,,,,,,,,,
164.0496,/z ± 0.0011 Da,,[M-H]-,,,,,,,,,
193.2401,/z ± 0.0013 Da,,[M-H-H2]3-,,,,,,,,,
193.3833,/z ± 0.0013 Da,,[M-H-H2]3-,,,,,,,,,
193.2698,/z ± 0.0013 Da,,[M-H-H]2-,,,,,,,,,
194.854,/z ± 0.0013 Da,,[M-H]-,,,,,,,,,
180.0322,/z ± 0.0012 Da,Methionine sulfone,[M-H]-,C5H11NO4S,,,Carboxylic acids and derivatives,"Amino acids, peptides, and analogues",L-alpha-amino acids,CS(=O)(=O)CCC(C(=O)O)N,,-0.001510488
490.2912,/z ± 0.0032 Da,,[M-H]-,,,,,,,,,
852.5785,/z ± 0.0055 Da,,[M-H]-,,,,,,,,,
193.4702,/z ± 0.0013 Da,,[M-H-H]2-,,,,,,,,,
722.4812,/z ± 0.0047 Da,,[M-H]-,,,,,,,,,
188.9556,/z ± 0.0012 Da,"Bromobenzene-2,3-dihydrodiol",[M-H]-,C6H7BrO2,C14842,HMDB0060445,Halohydrins,Bromohydrins,Bromohydrins,OC1C=CC=C(Br)C1O,,4.28E-06
381.2297,/z ± 0.0025 Da,Tetrofosmin,[M-H]-,C18H40O4P2,,HMDB0258939,Organic phosphines and derivatives,,Organic phosphines and derivatives,CCOCCP(CCOCC)CCP(CCOCC)CCOCC,19.2903194,-0.003225927
179.014,/z ± 0.0012 Da,,[M-H]-,,,,,,,,,
196.8509,/z ± 0.0013 Da,,[M-H]-,,,,,,,,,
344.0366,/z ± 0.0022 Da,,[M-H]-,,,,,,,,,
754.5697,/z ± 0.0049 Da,,[M-H]-,,,,,,,,,
294.1021,/z ± 0.0019 Da,,[M-H]-,,,,,,,,,
763.5432,/z ± 0.0049 Da,,[M-H]-,,,,,,,,,
304.0594,/z ± 0.002 Da,,[M-H]-,,,,,,,,,
324.9219,/z ± 0.0021 Da,,[M-H]-,,,,,,,,,
186.8639,/z ± 0.0012 Da,,[M-H]-,,,,,,,,,
207.0435,/z ± 0.0013 Da,Cysteinyl-Serine,[M-H]-,C6H12N2O4S,,HMDB0028784,Carboxylic acids and derivatives,"Amino acids, peptides, and analogues",Dipeptides,NC(CS)C(O)=NC(CO)C(O)=O,,-0.000918915
247.0049,/z ± 0.0016 Da,,[M-H]-,,,,,,,,,
792.5821,/z ± 0.0051 Da,,[M-H]-,,,,,,,,,
193.3698,/z ± 0.0013 Da,,[M-H-H2]3-,,,,,,,,,
145.0073,/z ± 0.0009 Da,2-Amino-2-thiazoline-4-carboxylic acid,[M-H]-,C4H6N2O2S,,HMDB0245615,Carboxylic acids and derivatives,"Amino acids, peptides, and analogues",Alpha amino acids and derivatives,NC1=NC(CS1)C(O)=O,51.3358469,-0.000387768
519.1465,/z ± 0.0034 Da,Ethyl 4-[5-[(2-ethoxypyrimidin-5-yl)methyl]-2-[(4-fluorophenyl)methylsulfanyl]-4-oxopyrimidin-1-yl]benzoate,[M-H]-,C27H25FN4O4S,,HMDB0252984,Benzene and substituted derivatives,Benzoic acids and derivatives,Benzoic acid esters,CCOC(=O)C1=CC=C(C=C1)N1C=C(CC2=CN=C(OCC)N=C2)C(=O)N=C1SCC1=CC=C(F)C=C1,38.513571,-0.004274527
208.0634,/z ± 0.0013 Da,3[N-Morpholino]propane sulfonic acid,[M-H]-,C7H15NO4S,,HMDB0254880,Oxazinanes,Morpholines,Morpholines,OS(=O)(=O)CCCN1CCOCC1,62.1685308,-0.001457792
505.9854,/z ± 0.0033 Da,Adenosine-5'-triphosphate,[M-H]-,C10H16N5O13P3,C00002,HMDB0000538,Purine nucleotides,Purine ribonucleotides,,Nc(n3)c(n2)c(nc3)n(c2)[C@]([H])(O1)[C@]([H])(O)[C@]([H])(O)[C@@]([H])(COP(O)(=O)OP(O)(=O)OP(O)(O)=O)1,71.2985514,-0.003071696
278.1055,/z ± 0.0018 Da,Niazirin,[M-H]-,C14H17NO5,,HMDB0032807,Organooxygen compounds,Carbohydrates and carbohydrate conjugates,Phenolic glycosides,C[C@@H]1O[C@@H](OC2=CC=C(CC#N)C=C2)[C@H](O)[C@H](O)[C@H]1O,,0.002140862
485.2759,/z ± 0.0031 Da,,[M-H]-,,,,,,,,,
286.9667,/z ± 0.0019 Da,,[M-H]-,,,,,,,,,
193.4813,/z ± 0.0013 Da,,[M-H-H2]3-,,,,,,,,,
151.0392,/z ± 0.001 Da,Resorcinol monoacetate,[M-H]-,C8H8O3,C12064,,,,,CC(=O)OC1=CC=CC(=C1)O,,-0.000894233
271.9857,/z ± 0.0018 Da,,[M-H]-,,,,,,,,,
291.0319,/z ± 0.0019 Da,,[M-H]-,,,,,,,,,
178.0168,/z ± 0.0012 Da,2-[(3-Chlorophenyl)diazenyl]acetonitrile,[M-H]-,C8H6ClN3,,HMDB0255365,Benzene and substituted derivatives,Halobenzenes,Chlorobenzenes,ClC1=CC=CC(=C1)N=NCC#N,,-0.000942741
321.2091,/z ± 0.0021 Da,(S)-[8]-Gingerol,[M-H]-,C19H30O4,C17495,HMDB0033615,Phenols,Methoxyphenols,Gingerols,CCCCCCCC(O)CC(=O)CCC1=CC(OC)=C(O)C=C1,23.3940357,0.001946375
425.2559,/z ± 0.0028 Da,Prostaglandin D2-1-glyceryl ester,[M-H]-,C23H38O7,,HMDB0013653,Fatty Acyls,Eicosanoids,Prostaglandins and related compounds,CCCCC[C@@H](O)\C=C\[C@@H]1[C@@H](C\C=C/CCCC(=O)OCC(O)CO)[C@@H](O)CC1=O,32.086923,0.001408835
429.096,/z ± 0.0028 Da,,[M-H]-,,,,,,,,,
217.9731,/z ± 0.0014 Da,,[M-H]-,,,,,,,,,
333.2776,/z ± 0.0022 Da,,[M-H]-,,,,,,,,,
506.2858,/z ± 0.0033 Da,PC(16:1),[M-H]-,C24H46NO8P,,,,,,,84.7713932,-0.003008736
357.1393,/z ± 0.0023 Da,6-Gingesulfonic acid,[M-H]-,C17H26O6S,,HMDB0038999,Phenols,Methoxyphenols,Methoxyphenols,CCCCCC(CC(=O)CCC1=CC(OC)=C(O)C=C1)S(O)(=O)=O,41.6495531,0.001614898
856.5037,/z ± 0.0055 Da,,[M-H]-,,,,,,,,,
274.9534,/z ± 0.0018 Da,,[M-H]-,,,,,,,,,
779.5388,/z ± 0.005 Da,,[M-H]-,,,,,,,,,
348.9063,/z ± 0.0023 Da,,[M-H]-,,,,,,,,,
371.1547,/z ± 0.0024 Da,,[M-H]-,,,,,,,,,
258.0424,/z ± 0.0017 Da,,[M-H]-,,,,,,,,,
468.0307,/z ± 0.003 Da,,[M-H]-,,,,,,,,,
507.2602,/z ± 0.0033 Da,,[M-H]-,,,,,,,,,
865.587,/z ± 0.0056 Da,,[M-H]-,,,,,,,,,
449.0807,/z ± 0.0029 Da,4-((2-Chloroethyl)(2-mesyloxyethyl)amino)benzoylglutamic acid,[M-H]-,C17H23ClN2O8S,,HMDB0250374,Carboxylic acids and derivatives,"Amino acids, peptides, and analogues",Glutamic acid and derivatives,CS(=O)(=O)OCCN(CCCl)C1=CC=C(C=C1)C(=O)NC(CCC(O)=O)C(O)=O,51.5672783,0.001613074
193.3373,/z ± 0.0013 Da,,[M-H-H2]3-,,,,,,,,,
827.2091,/z ± 0.0054 Da,,[M-H]-,,,,,,,,,
560.1358,/z ± 0.0036 Da,,[M-H]-,,,,,,,,,
155.0452,/z ± 0.001 Da,Imidazolelactic acid,[M-H]-,C6H8N2O3,C05132,HMDB0002320,Azoles,Imidazoles,Imidazolyl carboxylic acids and derivatives,OC(CN1C=CN=C1)C(O)=O,,-0.001047978
203.9976,/z ± 0.0013 Da,,[M-H]-,,,,,,,,,
764.5162,/z ± 0.005 Da,,[M-H]-,,,,,,,,,
747.4868,/z ± 0.0048 Da,,[M-H]-,,,,,,,,,
703.4646,/z ± 0.0046 Da,,[M-H]-,,,,,,,,,
464.3107,/z ± 0.003 Da,,[M-H]-,,,,,,,,,
864.5684,/z ± 0.0056 Da,,[M-H]-,,,,,,,,,
248.1314,/z ± 0.0016 Da,,[M-H]-,,,,,,,,,
858.5702,/z ± 0.0056 Da,,[M-H]-,,,,,,,,,
478.2915,/z ± 0.0031 Da,LPE(18:1),[M-H]-,C23H46NO7P,,,,,,,82.0326838,-0.002425298
832.5552,/z ± 0.0054 Da,,[M-H]-,,,,,,,,,
536.2735,/z ± 0.0035 Da,,[M-H]-,,,,,,,,,
408.9435,/z ± 0.0026 Da,,[M-H]-,,,,,,,,,
583.0915,/z ± 0.0038 Da,,[M-H]-,,,,,,,,,
308.9483,/z ± 0.002 Da,,[M-H]-,,,,,,,,,
864.5844,/z ± 0.0056 Da,,[M-H]-,,,,,,,,,
270.028,/z ± 0.0017 Da,,[M-H]-,,,,,,,,,
174.0153,/z ± 0.0011 Da,Semidehydroascorbic acid,[M-H]-,C6H7O6,,HMDB0258226,Dihydrofurans,Furanones,Butenolides,[O]C1=C(O)C(=O)C(O1)C(O)CO,,-0.001705007
859.5261,/z ± 0.0056 Da,PI(36:3),[M-H]-,C45H81O13P,,,,,,,43.1606921,-0.008149735
193.3008,/z ± 0.0013 Da,,[M-H-H]2-,,,,,,,,,
703.0193,/z ± 0.0046 Da,,[M-H-H]2-,,,,,,,,,
193.383,/z ± 0.0013 Da,,[M-H-H]2-,,,,,,,,,
193.4052,/z ± 0.0013 Da,,[M-H-H2]3-,,,,,,,,,
